[{"assetType":"Policy","assetObject":{"name":"Policy For API StudioGhibliAPI[1.0] Scope [FilmIDScope]","id":"bf57de54-207d-4ead-a3a2-2dd7a181d437","status":"Success","explanation":"OK","warning":false}},{"assetType":"Policy","assetObject":{"name":"Policy For API StudioGhibliAPI[1.0]","id":"9eaa742c-1cfc-4b84-b2ec-d4311bb3c540","status":"Success","explanation":"OK","warning":false}},{"assetType":"PolicyAction","assetObject":{"name":"Policy Action [Data Masking] -> Policy For API StudioGhibliAPI[1.0] Scope [FilmIDScope]","id":"081d3267-da08-4564-b11d-86becd5ea698","status":"Success","explanation":"OK","warning":false}},{"assetType":"PolicyAction","assetObject":{"name":"Policy Action [Enable HTTP / HTTPS] -> Policy For API StudioGhibliAPI[1.0]","id":"b85689c2-5ac0-44ef-b1ac-6186d59b7ee7","status":"Success","explanation":"OK","warning":false}},{"assetType":"Policy","assetObject":{"name":"Policy For API StudioGhibliAPI[1.0] Scope [AllFilmsScope]","id":"41eda154-54e3-4f4d-9ac5-5f978604a95a","status":"Success","explanation":"OK","warning":false}},{"assetType":"API","assetObject":{"name":"StudioGhibliAPI[1.0]","id":"fa97f5f3-a41d-4d41-a838-faa0ca41b022","status":"Success","explanation":"OK","warning":false}},{"assetType":"PolicyAction","assetObject":{"name":"Policy Action [Data Masking] -> Policy For API StudioGhibliAPI[1.0] Scope [AllFilmsScope]","id":"42ed4fd8-b6c9-402d-8b3b-206973c75b9a","status":"Success","explanation":"OK","warning":false}},{"assetType":"PolicyAction","assetObject":{"name":"Policy Action [Straight Through Routing] -> Policy For API StudioGhibliAPI[1.0]","id":"3a0a7ce6-ba30-4631-bfd3-73ebdc1863ec","status":"Success","explanation":"OK","warning":false}}]